insert ignore into car_brand value 
("BMW", "bmw.png"),
("Mercedes", "mercedes.png"),
("Porsche", "Porsche.png"),
("Ferrari", "ferrari.png"),
("Lamborghini", "lamborghini.png"),
("Audi", "audi.png") ;

insert ignore into  car_model value 
("2002","BMW"),
("i3","BMW"),
("i4","BMW"),
("i8","BMW"),
("iX","BMW"),
("iX3","BMW"),
("M1","BMW"),
("114","BMW"),
("116","BMW"),
("118","BMW"),
("120","BMW"),
("123","BMW"),
("125","BMW"),
("128","BMW"),
("130","BMW"),
("135","BMW"),
("140","BMW"),
("214","BMW"),
("216","BMW"),
("218","BMW"),
("220","BMW"),
("225","BMW"),
("228","BMW"),
("230","BMW"),
("235","BMW"),
("240","BMW"),
("315","BMW"),
("316","BMW"),
("318","BMW"),
("320","BMW"),
("323","BMW"),
("324","BMW"),
("325","BMW"),
("328","BMW"),
("330","BMW"),
("335","BMW"),
("340","BMW"),
("418","BMW"),
("420","BMW"),
("425","BMW"),
("428","BMW"),
("430","BMW"),
("435","BMW"),
("440","BMW"),
("518","BMW"),
("520","BMW"),
("523","BMW"),
("524","BMW"),
("525","BMW"),
("528","BMW"),
("530","BMW"),
("535","BMW"),
("540","BMW"),
("545","BMW"),
("550","BMW"),
("Active Hybrid 5","BMW"),
("620","BMW"),
("628","BMW"),
("630","BMW"),
("633","BMW"),
("635","BMW"),
("640","BMW"),
("645","BMW"),
("650","BMW"),
("725","BMW"),
("728","BMW"),
("730","BMW"),
("732","BMW"),
("735","BMW"),
("740","BMW"),
("745","BMW"),
("750","BMW"),
("760","BMW"),
("Active Hybrid 7","BMW"),
("830","BMW"),
("840","BMW"),
("850","BMW"),
("M2","BMW"),
("M3","BMW"),
("M4","BMW"),
("M5","BMW"),
("M6","BMW"),
("M8","BMW"),
("M850","BMW"),
("Active Hybrid X6","BMW"),
("X1","BMW"),
("X2","BMW"),
("X2 M","BMW"),
("X3","BMW"),
("X3 M","BMW"),
("X4","BMW"),
("X4","BMW"),
("X4 M","BMW"),
("X5","BMW"),
("X5 M","BMW"),
("X6","BMW"),
("X6 M","BMW"),
("X7","BMW"),
("X7 M","BMW"),
("Z1","BMW"),
("Z3","BMW"),
("Z3 M","BMW"),
("Z4","BMW"),
("Z4 M","BMW"),
("Z8","BMW"),
("Autres","BMW"),


("G 63 AMG", "Mercedes"),
("A 45 AMG", "Mercedes"),
("A 45 AMG S", "Mercedes"),
("Autres", "Mercedes"),

("Cayman", "Porsche"),
("911", "Porsche"),
("718 Spyder", "Porsche"),
("Autres", "Porsche"),

("488", "Ferrari"),
("Testarossa", "Ferrari"),
("812", "Ferrari"),
("Autres", "Ferrari"),

("Aventador", "Lamborghini"),
("Countach", "Lamborghini"),
("Huracan", "Lamborghini"),
("Autres", "Lamborghini"),

("RS3", "Audi"),
("RS6", "Audi"),
("R8", "Audi"),
("Autres", "Audi") ;

insert into ignore (user_mail, username, user_password, isAdmin, isSeller, date_registration)
values ("david@david.be", "David", "", 0, 1, now()) ;

insert into ignore (price, publication_date, sale_description, car_kilometer, car_year, car_power,
car_fuel, car_color, car_state,additional_info, model_name, brand_name, user_mail)
values
(80000, now(), 'Elle est bien jte jure', 23932, "1986", 130, "Essence", "Noir", "Occasion", "E30", "M3", "BMW", "david@david.be") ;

insert into ignore car_picture
(picture_name, picture_order, id_sale)
values ("1.jpg", 1, 1) ;