insert ignore into car_brand value 
("BMW", "bmw.png"),
("Mercedes-Benz", "mercedes.png"),
("Porsche", "Porsche.png"),
("Ferrari", "ferrari.png"),
("Lamborghini", "lamborghini.png"),
("Audi", "audi.png") ;

insert ignore into  car_model value 
("2002","BMW"),
("i3","BMW"),
("i4","BMW"),
("i8","BMW"),
("iX","BMW"),
("iX3","BMW"),
("M1","BMW"),
("114","BMW"),
("116","BMW"),
("118","BMW"),
("120","BMW"),
("123","BMW"),
("125","BMW"),
("128","BMW"),
("130","BMW"),
("135","BMW"),
("140","BMW"),
("214","BMW"),
("216","BMW"),
("218","BMW"),
("220","BMW"),
("225","BMW"),
("228","BMW"),
("230","BMW"),
("235","BMW"),
("240","BMW"),
("315","BMW"),
("316","BMW"),
("318","BMW"),
("320","BMW"),
("323","BMW"),
("324","BMW"),
("325","BMW"),
("328","BMW"),
("330","BMW"),
("335","BMW"),
("340","BMW"),
("418","BMW"),
("420","BMW"),
("425","BMW"),
("428","BMW"),
("430","BMW"),
("435","BMW"),
("440","BMW"),
("518","BMW"),
("520","BMW"),
("523","BMW"),
("524","BMW"),
("525","BMW"),
("528","BMW"),
("530","BMW"),
("535","BMW"),
("540","BMW"),
("545","BMW"),
("550","BMW"),
("Active Hybrid 5","BMW"),
("620","BMW"),
("628","BMW"),
("630","BMW"),
("633","BMW"),
("635","BMW"),
("640","BMW"),
("645","BMW"),
("650","BMW"),
("725","BMW"),
("728","BMW"),
("730","BMW"),
("732","BMW"),
("735","BMW"),
("740","BMW"),
("745","BMW"),
("750","BMW"),
("760","BMW"),
("Active Hybrid 7","BMW"),
("830","BMW"),
("840","BMW"),
("850","BMW"),
("M2","BMW"),
("M3","BMW"),
("M4","BMW"),
("M5","BMW"),
("M6","BMW"),
("M8","BMW"),
("M850","BMW"),
("Active Hybrid X6","BMW"),
("X1","BMW"),
("X2","BMW"),
("X2 M","BMW"),
("X3","BMW"),
("X3 M","BMW"),
("X4","BMW"),
("X4","BMW"),
("X4 M","BMW"),
("X5","BMW"),
("X5 M","BMW"),
("X6","BMW"),
("X6 M","BMW"),
("X7","BMW"),
("X7 M","BMW"),
("Z1","BMW"),
("Z3","BMW"),
("Z3 M","BMW"),
("Z4","BMW"),
("Z4 M","BMW"),
("Z8","BMW"),
("Autres","BMW"),


("170","Mercedes-Benz"),
("180","Mercedes-Benz"),
("190","Mercedes-Benz"),
("200","Mercedes-Benz"),
("208","Mercedes-Benz"),
("210/310","Mercedes-Benz"),
("220","Mercedes-Benz"),
("230","Mercedes-Benz"),
("240","Mercedes-Benz"),
("250","Mercedes-Benz"),
("260","Mercedes-Benz"),
("270","Mercedes-Benz"),
("280","Mercedes-Benz"),
("300","Mercedes-Benz"),
("308","Mercedes-Benz"),
("320","Mercedes-Benz"),
("350","Mercedes-Benz"),
("380","Mercedes-Benz"),
("400","Mercedes-Benz"),
("416","Mercedes-Benz"),
("420","Mercedes-Benz"),
("450","Mercedes-Benz"),
("500","Mercedes-Benz"),
("560","Mercedes-Benz"),
("600","Mercedes-Benz"),
("Actros","Mercedes-Benz"),
("AMG GT","Mercedes-Benz"),
("Atego","Mercedes-Benz"),
("CE 200","Mercedes-Benz"),
("CE 220","Mercedes-Benz"),
("CE 230","Mercedes-Benz"),
("CE 280","Mercedes-Benz"),
("CE 300","Mercedes-Benz"),
("Citan","Mercedes-Benz"),
("CL","Mercedes-Benz"),
("CL 160","Mercedes-Benz"),
("CL 180","Mercedes-Benz"),
("CL 200","Mercedes-Benz"),
("CL 220","Mercedes-Benz"),
("CL 230","Mercedes-Benz"),
("CL 320","Mercedes-Benz"),
("CL 420","Mercedes-Benz"),
("CL 500","Mercedes-Benz"),
("CL 55 AMG","Mercedes-Benz"),
("CL 600","Mercedes-Benz"),
("CL 63 AMG","Mercedes-Benz"),
("CL 65 AMG","Mercedes-Benz"),
("CLA 180","Mercedes-Benz"),
("CLA 200","Mercedes-Benz"),
("CLA 220","Mercedes-Benz"),
("CLA 250","Mercedes-Benz"),
("CLA 35 AMG","Mercedes-Benz"),
("CLA 45 AMG","Mercedes-Benz"),
("A 140","Mercedes-Benz"),
("A 150","Mercedes-Benz"),
("A 160","Mercedes-Benz"),
("A 170","Mercedes-Benz"),
("A 180","Mercedes-Benz"),
("A 190","Mercedes-Benz"),
("A 200","Mercedes-Benz"),
("A 210","Mercedes-Benz"),
("A 220","Mercedes-Benz"),
("A 250","Mercedes-Benz"),
("A 35 AMG","Mercedes-Benz"),
("A 45 AMG","Mercedes-Benz"),
("B 150","Mercedes-Benz"),
("B 160","Mercedes-Benz"),
("B 170","Mercedes-Benz"),
("B 180","Mercedes-Benz"),
("B 200","Mercedes-Benz"),
("B 220","Mercedes-Benz"),
("B 250","Mercedes-Benz"),
("B Electric Drive","Mercedes-Benz"),
("C 160","Mercedes-Benz"),
("C 180","Mercedes-Benz"),
("C 200","Mercedes-Benz"),
("C 220","Mercedes-Benz"),
("C 230","Mercedes-Benz"),
("C 240","Mercedes-Benz"),
("C 250","Mercedes-Benz"),
("C 270","Mercedes-Benz"),
("C 280","Mercedes-Benz"),
("C 30 AMG","Mercedes-Benz"),
("C 300","Mercedes-Benz"),
("C 32 AMG","Mercedes-Benz"),
("C 320","Mercedes-Benz"),
("C 350","Mercedes-Benz"),
("C 36 AMG","Mercedes-Benz"),
("C 400","Mercedes-Benz"),
("C 43 AMG","Mercedes-Benz"),
("C 450","Mercedes-Benz"),
("C 55 AMG","Mercedes-Benz"),
("C 63 AMG","Mercedes-Benz"),
("E 200","Mercedes-Benz"),
("E 220","Mercedes-Benz"),
("E 230","Mercedes-Benz"),
("E 240","Mercedes-Benz"),
("E 250","Mercedes-Benz"),
("E 260","Mercedes-Benz"),
("E 270","Mercedes-Benz"),
("E 280","Mercedes-Benz"),
("E 290","Mercedes-Benz"),
("E 300","Mercedes-Benz"),
("E 320","Mercedes-Benz"),
("E 350","Mercedes-Benz"),
("E 36 AMG","Mercedes-Benz"),
("E 400","Mercedes-Benz"),
("E 420","Mercedes-Benz"),
("E 43 AMG","Mercedes-Benz"),
("E 430","Mercedes-Benz"),
("E 450","Mercedes-Benz"),
("E 50 AMG","Mercedes-Benz"),
("E 500","Mercedes-Benz"),
("E 53 AMG","Mercedes-Benz"),
("E 55 AMG","Mercedes-Benz"),
("E 550","Mercedes-Benz"),
("E 60 AMG","Mercedes-Benz"),
("E 63 AMG","Mercedes-Benz"),
("EQA","Mercedes-Benz"),
("EQA 250","Mercedes-Benz"),
("EQA 300","Mercedes-Benz"),
("EQB 300","Mercedes-Benz"),
("EQB 350","Mercedes-Benz"),
("EQC 400","Mercedes-Benz"),
("EQE 350","Mercedes-Benz"),
("EQS","Mercedes-Benz"),
("EQV 300","Mercedes-Benz"),
("G","Mercedes-Benz"),
("G 230","Mercedes-Benz"),
("G 240","Mercedes-Benz"),
("G 250","Mercedes-Benz"),
("G 270","Mercedes-Benz"),
("G 280","Mercedes-Benz"),
("G 290","Mercedes-Benz"),
("G 300","Mercedes-Benz"),
("G 320","Mercedes-Benz"),
("G 350","Mercedes-Benz"),
("G 400","Mercedes-Benz"),
("G 500","Mercedes-Benz"),
("G 55 AMG","Mercedes-Benz"),
("G 63 AMG","Mercedes-Benz"),
("G 65 AMG","Mercedes-Benz"),
("G 650","Mercedes-Benz"),
("ML 230","Mercedes-Benz"),
("ML 250","Mercedes-Benz"),
("ML 270","Mercedes-Benz"),
("ML 280","Mercedes-Benz"),
("ML 300","Mercedes-Benz"),
("ML 320","Mercedes-Benz"),
("ML 350","Mercedes-Benz"),
("ML 400","Mercedes-Benz"),
("ML 420","Mercedes-Benz"),
("ML 430","Mercedes-Benz"),
("ML 450","Mercedes-Benz"),
("ML 500","Mercedes-Benz"),
("ML 55 AMG","Mercedes-Benz"),
("ML 63 AMG","Mercedes-Benz"),
("R 280","Mercedes-Benz"),
("R 300","Mercedes-Benz"),
("R 320","Mercedes-Benz"),
("R 350","Mercedes-Benz"),
("R 500","Mercedes-Benz"),
("R 63 AMG","Mercedes-Benz"),
("S 250","Mercedes-Benz"),
("S 260","Mercedes-Benz"),
("S 280","Mercedes-Benz"),
("S 300","Mercedes-Benz"),
("S 320","Mercedes-Benz"),
("S 350","Mercedes-Benz"),
("S 400","Mercedes-Benz"),
("S 420","Mercedes-Benz"),
("S 430","Mercedes-Benz"),
("S 450","Mercedes-Benz"),
("S 500","Mercedes-Benz"),
("S 55 AMG","Mercedes-Benz"),
("S 550","Mercedes-Benz"),
("S 560","Mercedes-Benz"),
("S 560 E","Mercedes-Benz"),
("S 580","Mercedes-Benz"),
("S 600","Mercedes-Benz"),
("S 63 AMG","Mercedes-Benz"),
("S 65 AMG","Mercedes-Benz"),
("S 650","Mercedes-Benz"),
("V","Mercedes-Benz"),
("V 200","Mercedes-Benz"),
("V 220","Mercedes-Benz"),
("V 230","Mercedes-Benz"),
("V 250","Mercedes-Benz"),
("V 280","Mercedes-Benz"),
("V 300","Mercedes-Benz"),
("X 220","Mercedes-Benz"),
("X 250","Mercedes-Benz"),
("X 350","Mercedes-Benz"),
("CLC","Mercedes-Benz"),
("CLK","Mercedes-Benz"),
("CLK 200","Mercedes-Benz"),
("CLK 220","Mercedes-Benz"),
("CLK 230","Mercedes-Benz"),
("CLK 240","Mercedes-Benz"),
("CLK 270","Mercedes-Benz"),
("CLK 280","Mercedes-Benz"),
("CLK 320","Mercedes-Benz"),
("CLK 350","Mercedes-Benz"),
("CLK 430","Mercedes-Benz"),
("CLK 500","Mercedes-Benz"),
("CLK 55 AMG","Mercedes-Benz"),
("CLK 63 AMG","Mercedes-Benz"),
("CLS","Mercedes-Benz"),
("CLS 220","Mercedes-Benz"),
("CLS 250","Mercedes-Benz"),
("CLS 280","Mercedes-Benz"),
("CLS 300","Mercedes-Benz"),
("CLS 320","Mercedes-Benz"),
("CLS 350","Mercedes-Benz"),
("CLS 400","Mercedes-Benz"),
("CLS 450","Mercedes-Benz"),
("CLS 500","Mercedes-Benz"),
("CLS 53 AMG","Mercedes-Benz"),
("CLS 55 AMG","Mercedes-Benz"),
("CLS 63 AMG","Mercedes-Benz"),
("GL 320","Mercedes-Benz"),
("GL 350","Mercedes-Benz"),
("GL 400","Mercedes-Benz"),
("GL 420","Mercedes-Benz"),
("GL 450","Mercedes-Benz"),
("GL 500","Mercedes-Benz"),
("GL 55 AMG","Mercedes-Benz"),
("GL 63 AMG","Mercedes-Benz"),
("GLA 180","Mercedes-Benz"),
("GLA 200","Mercedes-Benz"),
("GLA 220","Mercedes-Benz"),
("GLA 250","Mercedes-Benz"),
("GLA 35 AMG","Mercedes-Benz"),
("GLA 45 AMG","Mercedes-Benz"),
("GLB 180","Mercedes-Benz"),
("GLB 200","Mercedes-Benz"),
("GLB 220","Mercedes-Benz"),
("GLB 250","Mercedes-Benz"),
("GLB 35 AMG","Mercedes-Benz"),
("GLC 200","Mercedes-Benz"),
("GLC 220","Mercedes-Benz"),
("GLC 250","Mercedes-Benz"),
("GLC 300","Mercedes-Benz"),
("GLC 350","Mercedes-Benz"),
("GLC 400","Mercedes-Benz"),
("GLC 43 AMG","Mercedes-Benz"),
("GLC 63 AMG","Mercedes-Benz"),
("GLE 250","Mercedes-Benz"),
("GLE 300","Mercedes-Benz"),
("GLE 350","Mercedes-Benz"),
("GLE 400","Mercedes-Benz"),
("GLE 43 AMG","Mercedes-Benz"),
("GLE 450","Mercedes-Benz"),
("GLE 500","Mercedes-Benz"),
("GLE 53 AMG","Mercedes-Benz"),
("GLE 580","Mercedes-Benz"),
("GLE 63 AMG","Mercedes-Benz"),
("GLK 200","Mercedes-Benz"),
("GLK 220","Mercedes-Benz"),
("GLK 250","Mercedes-Benz"),
("GLK 280","Mercedes-Benz"),
("GLK 300","Mercedes-Benz"),
("GLK 320","Mercedes-Benz"),
("GLK 350","Mercedes-Benz"),
("GLS 350","Mercedes-Benz"),
("GLS 400","Mercedes-Benz"),
("GLS 450","Mercedes-Benz"),
("GLS 500","Mercedes-Benz"),
("GLS 580","Mercedes-Benz"),
("GLS 600","Mercedes-Benz"),
("GLS 63 AMG","Mercedes-Benz"),
("Marco Polo","Mercedes-Benz"),
("MB 100","Mercedes-Benz"),
("SL 230","Mercedes-Benz"),
("SL 250","Mercedes-Benz"),
("SL 280","Mercedes-Benz"),
("SL 300","Mercedes-Benz"),
("SL 320","Mercedes-Benz"),
("SL 350","Mercedes-Benz"),
("SL 380","Mercedes-Benz"),
("SL 400","Mercedes-Benz"),
("SL 420","Mercedes-Benz"),
("SL 450","Mercedes-Benz"),
("SL 500","Mercedes-Benz"),
("SL 55 AMG","Mercedes-Benz"),
("SL 560","Mercedes-Benz"),
("SL 60 AMG","Mercedes-Benz"),
("SL 600","Mercedes-Benz"),
("SL 63 AMG","Mercedes-Benz"),
("SL 65 AMG","Mercedes-Benz"),
("Autres","Mercedes-Benz"),

("356","Porsche"),
("550","Porsche"),
("718 Spyder","Porsche"),
("912","Porsche"),
("914","Porsche"),
("918","Porsche"),
("924","Porsche"),
("928","Porsche"),
("944","Porsche"),
("959","Porsche"),
("962","Porsche"),
("968","Porsche"),
("Boxster","Porsche"),
("Carrera GT","Porsche"),
("Cayenne","Porsche"),
("Cayman","Porsche"),
("Macan","Porsche"),
("Panamera","Porsche"),
("911","Porsche"),
("930","Porsche"),
("964","Porsche"),
("991","Porsche"),
("992","Porsche"),
("993","Porsche"),
("996","Porsche"),
("997","Porsche"),
("Targa","Porsche"),
("Taycan","Porsche"),
("Autres","Porsche"),

("195","Ferrari"),
("206","Ferrari"),
("208","Ferrari"),
("246","Ferrari"),
("250","Ferrari"),
("275","Ferrari"),
("288","Ferrari"),
("308","Ferrari"),
("328","Ferrari"),
("330","Ferrari"),
("348","Ferrari"),
("360","Ferrari"),
("365","Ferrari"),
("400","Ferrari"),
("412","Ferrari"),
("430 Scuderia","Ferrari"),
("456","Ferrari"),
("458","Ferrari"),
("488","Ferrari"),
("512","Ferrari"),
("550","Ferrari"),
("575","Ferrari"),
("599","Ferrari"),
("612","Ferrari"),
("750","Ferrari"),
("812","Ferrari"),
("California","Ferrari"),
("Daytona","Ferrari"),
("Dino GT4","Ferrari"),
("Enzo Ferrari","Ferrari"),
("F12","Ferrari"),
("F355","Ferrari"),
("F40","Ferrari"),
("F430","Ferrari"),
("F50","Ferrari"),
("F512","Ferrari"),
("F8 Spider","Ferrari"),
("F8 Tributo","Ferrari"),
("FF","Ferrari"),
("FXX","Ferrari"),
("GTC4 Lusso","Ferrari"),
("LaFerrari","Ferrari"),
("Mondial","Ferrari"),
("Monza","Ferrari"),
("Portofino","Ferrari"),
("Roma","Ferrari"),
("Scuderia Spider 16M","Ferrari"),
("SF90 Spider","Ferrari"),
("SF90 Stradale","Ferrari"),
("Superamerica","Ferrari"),
("Testarossa","Ferrari"),
("Autres","Ferrari"),

("Asterion","Lamborghini"),
("Aventador","Lamborghini"),
("Centenario","Lamborghini"),
("Countach","Lamborghini"),
("Diablo","Lamborghini"),
("Espada","Lamborghini"),
("Estoque","Lamborghini"),
("Gallardo","Lamborghini"),
("Huracan","Lamborghini"),
("Jalpa","Lamborghini"),
("LM","Lamborghini"),
("Miura","Lamborghini"),
("Murciélago","Lamborghini"),
("Reventon","Lamborghini"),
("Sian FKP 37","Lamborghini"),
("Terzo Millennio","Lamborghini"),
("Urraco P250","Lamborghini"),
("Urus","Lamborghini"),
("Veneno","Lamborghini"),
("Autres","Lamborghini"),


("100","Audi"),
("200","Audi"),
("50","Audi"),
("80","Audi"),
("90","Audi"),
("A1","Audi"),
("A2","Audi"),
("A3","Audi"),
("A4","Audi"),
("A4 allroad","Audi"),
("A5","Audi"),
("A6","Audi"),
("A6 allroad","Audi"),
("A7","Audi"),
("A8","Audi"),
("Allroad","Audi"),
("Cabriolet","Audi"),
("Coupe","Audi"),
("e-tron","Audi"),
("e-tron GT","Audi"),
("Q1","Audi"),
("Q2","Audi"),
("Q3","Audi"),
("Q4 e-tron","Audi"),
("Q5","Audi"),
("Q7","Audi"),
("Q8","Audi"),
("QUATTRO","Audi"),
("R8","Audi"),
("RS","Audi"),
("RS Q3","Audi"),
("RS Q5","Audi"),
("RS Q8","Audi"),
("RS2","Audi"),
("RS3","Audi"),
("RS4","Audi"),
("RS5","Audi"),
("RS6","Audi"),
("RS7","Audi"),
("S1","Audi"),
("S2","Audi"),
("S3","Audi"),
("S4","Audi"),
("S5","Audi"),
("S6","Audi"),
("S7","Audi"),
("S8","Audi"),
("SQ2","Audi"),
("SQ3","Audi"),
("SQ5","Audi"),
("SQ7","Audi"),
("SQ8","Audi"),
("TT","Audi"),
("TT RS","Audi"),
("TTS","Audi"),
("V8","Audi"),
("Autres","Audi") ;


insert ignore into  user (user_mail, username, user_password, isAdmin, isSeller, date_registration)
values 
("seller@seller.be", "Seller", "$2y$10$0lDB6Wk0pusaz22.xGi4au33EX/kkKXzxKZO1weI0S4D5DmYwQN1G", 0, 1, now()),
("admin@admin.be", "Admin", "$2y$10$0lDB6Wk0pusaz22.xGi4au33EX/kkKXzxKZO1weI0S4D5DmYwQN1G", 1, 0, now()),
("user@user.be", "User", "$2y$10$0lDB6Wk0pusaz22.xGi4au33EX/kkKXzxKZO1weI0S4D5DmYwQN1G", 0, 0, now()) ;

insert ignore into  sale (price, publication_date, sale_description, car_kilometer, car_year, car_power,
car_fuel, car_color, car_state,additional_info, model_name, brand_name, user_mail)
values
(80000, date(now()), 'Elle est bien jte jure', 0, "2010", 417, "Essence", "Noir", "Neuve", "", "G 63 AMG", "Mercedes-Benz", "seller@seller.be"),
(1500000, date(now()), 'Elle est bien jte jure', 23932, "1992", 350, "Essence", "Rouge", "Occasion", "", "F40", "Ferrari", "seller@seller.be") ;

insert ignore into  car_picture
(picture_name, picture_order, id_sale)
values
("1.jpeg", 1, 1),
("2.jpeg", 2, 1),
("3.jpeg", 3, 1),
("4.jpeg", 4, 1),
("5.jpeg", 5, 1),
("6.jpg", 1, 2) ;